Id,Label,0,modularity_class,Eccentricity,closnesscentrality,harmonicclosnesscentrality,betweenesscentrality,clustering,triangles,weighted degree,eigencentrality,degree,stat_inf_class
ana c. lima,ana c. lima,UFPE,70,1,1,1,0,0,0,0,0.003617,1,0
carla silva,carla silva,UFPE,70,1,1,1,0,1,1,0,0.003617,1,1
patrick h. a. belem,patrick h. a. belem,UFRJ,37,3,0.545455,0.666667,0,1,10,0,0.448813,5,2
adriana s. vivacqua,adriana s. vivacqua,UFRJ,37,2,0.8,0.875,0.000133,0.333333,12,4,0.561238,9,3
rafael m. mello,rafael m. mello,UFRJ,37,3,0.545455,0.666667,0,1,10,0,0.448813,5,4
joao p. b. gloria,joao p. b. gloria,"UFRJ / Instituto Federal de Educação, Ciência e Tecnologia Baiano (IF Baiano)",37,3,0.545455,0.666667,0,1,10,0,0.448813,5,5
adriano n. souza,adriano n. souza,UFRJ,37,3,0.545455,0.666667,0,1,10,0,0.448813,5,6
claudio barizon,claudio barizon,UFRJ,37,3,0.545455,0.666667,0,1,10,0,0.448813,5,7
ecivaldo s. matos,ecivaldo s. matos,Universidade de São Paulo (USP),0,1,1,1,0,1,3,0,0.04907,3,8
filipe a. garrido,filipe a. garrido,UFBA,0,1,1,1,0,1,3,0,0.04907,3,9
jean c. s. rosa,jean c. s. rosa,Interactive Technologies Institute (ITI/LARSyS),0,1,1,1,0,1,3,0,0.04907,3,10
beatriz b. rego,beatriz b. rego,UFBA,0,1,1,1,0,1,3,0,0.04907,3,11
tanara lauschner,tanara lauschner,UFAM,11,2,0.857143,0.916667,0,1,10,0,0.358809,5,12
genildo gomes,genildo gomes,UFAM,11,2,0.857143,0.916667,0,1,10,0,0.358809,5,13
leandro galvao,leandro galvao,UFAM,11,2,0.857143,0.916667,0,1,10,0,0.358809,5,14
romualdo costa,romualdo costa,UFAM,11,2,0.857143,0.916667,0,1,10,0,0.358809,5,15
edward c. souza,edward c. souza,UFAM,11,2,0.857143,0.916667,0,1,10,0,0.358809,5,16
bruno gadelha,bruno gadelha,UFAM,11,1,1,1,0.000015,0.666667,10,3,0.37179,6,17
huandy c. camargo,huandy c. camargo,UNIFEI,23,1,1,1,0,1,10,0,0.341038,5,18
melise m. v. paula,melise m. v. paula,UNIFEI,23,1,1,1,0,1,10,0,0.341038,5,19
rafael m. d. frinhani,rafael m. d. frinhani,UNIFEI,23,1,1,1,0,1,10,0,0.341038,5,20
barbara p. caetano,barbara p. caetano,UFRJ,23,1,1,1,0,1,10,0,0.341038,5,21
amanda klein,amanda klein,UNIFEI,23,1,1,1,0,1,10,0,0.341038,5,22
gabriel c. fornitano,gabriel c. fornitano,UNIFEI,23,1,1,1,0,1,10,0,0.341038,5,23
ailton ribeiro,ailton ribeiro,UFBA,62,1,1,1,0.000003,0.809524,17,0,1,7,24
vaninha vieira,vaninha vieira,UFBA,62,1,1,1,0.000003,0.809524,17,0,1,7,25
maria c. pestana,maria c. pestana,UFBA,62,2,0.777778,0.857143,0,1,10,0,0.780648,5,26
thiago m. r. ribeiro,thiago m. r. ribeiro,UNIRIO,1,1,1,1,0,1,1,0,0.015558,2,27
maira g. bayser,maira g. bayser,UNIRIO,1,1,1,1,0,1,1,0,0.015558,2,28
sean w. m. siqueira,sean w. m. siqueira,UNIRIO,1,1,1,1,0,1,1,0,0.015558,2,29
ana m. amorim,ana m. amorim,UFBA,62,1,1,1,0.000003,0.809524,17,0,1,7,30
marcos barreto,marcos barreto,London School of Economics and Political Science (LSE),62,2,0.777778,0.857143,0,1,10,0,0.780648,5,31
murilo g. arouca,murilo g. arouca,UFBA,62,1,1,1,0.000003,0.809524,17,0,1,7,32
isa b. neves,isa b. neves,UFBA,62,2,0.777778,0.857143,0,1,10,0,0.780648,5,33
rodrigo meliande,rodrigo meliande,UFBA,62,2,0.777778,0.857143,0,1,10,0,0.780648,5,34
rafael g. barradas,rafael g. barradas,UNIRIO,37,1,1,1,0,0,0,0,0.003617,1,35
bruna diirr,bruna diirr,UNIRIO,37,1,1,1,0,0.333333,1,0,0.003617,1,36
gustavo martins,gustavo martins,Sidia Instituto de Ciência e Tecnologia,11,1,1,1,0,1,10,0,0.003617,1,37
emiliandro firmino,emiliandro firmino,Sidia Instituto de Ciência e Tecnologia,11,1,1,1,0,0,0,0,0.003617,1,38
matheus ferreira,matheus ferreira,UFAM,11,2,0.545455,0.583333,0,0,0,0,0.074295,1,39
gabriel f. pereira,gabriel f. pereira,UFF,37,3,0.48,0.541667,0,1,1,0,0.137893,2,40
leonardo gargano,leonardo gargano,UFRJ,37,3,0.48,0.541667,0,1,1,0,0.137893,2,41
samara souza,samara souza,UFPA,24,1,1,1,0,1,1,0,0.015558,2,42
cleidson souza,cleidson souza,UFPA,24,1,1,1,0,1,1,0,0.015558,2,43
wendy mendes,wendy mendes,UFPA,24,1,1,1,0,1,1,0,0.015558,2,44
denise r. a. carvalho,denise r. a. carvalho,UFC,2,1,1,1,0,1,6,0,0.134826,4,45
kauan d. b. sousa,kauan d. b. sousa,UFC,2,1,1,1,0,1,6,0,0.134826,4,46
alexandre m. arruda,alexandre m. arruda,UFC,2,1,1,1,0,1,6,0,0.134826,4,47
anna b. marques,anna b. marques,UFC,2,1,1,1,0,1,6,0,0.134826,4,48
marcos g. m. mauricio,marcos g. m. mauricio,UFC,2,1,1,1,0,1,6,0,0.134826,4,49
luciane c. j. deus,luciane c. j. deus,UFRJ,14,2,0.545455,0.583333,0,1,1,0,0.156673,2,50
juliana b. s. franca,juliana b. s. franca,UFRJ,37,2,0.631579,0.708333,0.00008,0.4,4,0,0.21387,5,51
josiney souza,josiney souza,UFPR,3,1,1,1,0,0,0,0,0.003617,1,52
marcos s. sunye,marcos s. sunye,UFPR,3,1,1,1,0,0,0,0,0.003617,1,53
raquel t. paiva,raquel t. paiva,UNIRIO,18,1,1,1,0,1,3,0,0.04907,3,54
wendy s. cataldo,wendy s. cataldo,UNIRIO,18,1,1,1,0,1,3,0,0.04907,3,55
carlos e. mello,carlos e. mello,UNIRIO,18,1,1,1,0,1,3,0,0.04907,3,56
ana c. b. garcia,ana c. b. garcia,UNIRIO,18,1,1,1,0,1,3,0,0.04907,3,57
jacilane h. rabelo,jacilane h. rabelo,UFC,4,1,1,1,0,1,6,0,0.134826,4,58
israely lima,israely lima,UFC,4,1,1,1,0,1,6,0,0.134826,4,59
marina rocha,marina rocha,UFC,4,1,1,1,0,1,6,0,0.134826,4,60
eriky r. goncalves,eriky r. goncalves,UFC,4,1,1,1,0,1,6,0,0.134826,4,61
jorge l. sousa,jorge l. sousa,UFC,4,1,1,1,0,1,6,0,0.134826,4,62
daniel g. costa,daniel g. costa,UP,5,1,1,1,0,1,1,0,0.015558,2,63
joao p. j. peixoto,joao p. j. peixoto,UEFS,5,1,1,1,0,1,1,0,0.015558,2,64
washington j. s. f. rocha,washington j. s. f. rocha,UEFS,5,1,1,1,0,1,1,0,0.015558,2,65
luciana brito,luciana brito,UFRJ,37,3,0.428571,0.527778,0,1,3,0,0.095203,3,66
angelica dias,angelica dias,UFRJ,37,3,0.428571,0.527778,0,1,3,0,0.095203,3,67
adriana vivacqua,adriana vivacqua,UFRJ,37,3,0.428571,0.527778,0,1,3,0,0.095203,3,68
maicon h. l. f. s. barros,maicon h. l. f. s. barros,UPE,6,1,1,1,0,1,3,0,0.04907,3,69
maria e. f. mello,maria e. f. mello,UPE,6,1,1,1,0,1,3,0,0.04907,3,70
hilson g. v. andrade,hilson g. v. andrade,UPE,6,1,1,1,0,1,3,0,0.04907,3,71
patricia t. endo,patricia t. endo,UPE,6,1,1,1,0,1,3,0,0.04907,3,72
isabela gasparini,isabela gasparini,UDESC,21,0,0,0,0,1,3,0,0,0,73
maria t. s. santos,maria t. s. santos,UDESC,21,0,0,0,0,1,3,0,0,0,74
luciana b. frigo,luciana b. frigo,UFSC,21,0,0,0,0,1,3,0,0,0,75
lais p. v. vossen,lais p. v. vossen,UDESC,21,0,0,0,0,1,3,0,0,0,76
jose m. n. david,jose m. n. david,UFJF,13,0,0,0,0,0.666667,4,10,0,0,77
victor stroele,victor stroele,UFJF,13,0,0,0,0,1,3,6,0,0,78
regina braga,regina braga,UFJF,13,0,0,0,0,0.666667,4,9,0,0,79
vitor campos,vitor campos,UFJF,13,0,0,0,0,1,3,0,0,0,80
claudia l. r. motta,claudia l. r. motta,UFRJ,14,0,0,0,0,1,3,0,0,0,81
alexandre f. costa,alexandre f. costa,UFRJ,14,0,0,0,0,1,3,0,0,0,82
cristianna m. ferran,cristianna m. ferran,UFRJ,14,0,0,0,0,1,3,0,0,0,83
walkir a. t. brito,walkir a. t. brito,UFRJ,14,0,0,0,0,1,3,0,0,0,84
eduardo figueiredo,eduardo figueiredo,UFMG,40,0,0,0,0,1,1,0,0,0,85
raquel prates,raquel prates,UFMG,40,0,0,0,0,1,1,0,0,0,86
kattiana constantino,kattiana constantino,UFMG,40,0,0,0,0,1,1,0,0,0,87
alan t. a. silva,alan t. a. silva,UFPA,24,0,0,0,0,1,6,0,0,0,88
luciano a. teran,luciano a. teran,UFPA,24,0,0,0,0,1,6,0,0,0,89
cleidson r. b. souza,cleidson r. b. souza,UFPA,24,0,0,0,0,1,6,0,0,0,90
thayssa a. rocha,thayssa a. rocha,UFPA,24,0,0,0,0,1,6,0,0,0,91
marcelle p. mota,marcelle p. mota,UFPA,24,0,0,0,0,1,6,0,0,0,92
alessandro s. santos,alessandro s. santos,IPT,7,0,0,0,0,1,3,0,0,0,93
claudene o. goncalves,claudene o. goncalves,IPT,7,0,0,0,0,1,3,0,0,0,94
erica vilela,erica vilela,IPT,7,0,0,0,0,1,3,0,0,0,95
airton y. c. toyofuku,airton y. c. toyofuku,IPT,7,0,0,0,0,1,3,0,0,0,96
karen botelho,karen botelho,UFBA,62,0,0,0,0,0,0,0,0,0,97
jessica i. pegorini,jessica i. pegorini,UFPR,8,0,0,0,0,1,3,0,0,0,98
francisco c. m. souza,francisco c. m. souza,UTFPR,8,0,0,0,0,1,3,0,0,0,99
alinne c. c. souza,alinne c. c. souza,UTFPR,8,0,0,0,0,1,3,0,0,0,100
luiz c. p. albini,luiz c. p. albini,UFPR,8,0,0,0,0,1,3,0,0,0,101
carlos e. stefani,carlos e. stefani,Centro Paula Souza (CPS),9,0,0,0,0,0,0,0,0,0,102
marcelo duduchi,marcelo duduchi,Centro Paula Souza (CPS),9,0,0,0,0,0,0,0,0,0,103
tayana conte,tayana conte,UFAM,11,0,0,0,0,0.666667,2,0,0,0,104
paulo ferreira,paulo ferreira,UFAM,11,0,0,0,0,0.666667,2,0,0,0,105
iago meijon,iago meijon,UFBA,62,0,0,0,0,0,0,0,0,0,106
gabriel coelho,gabriel coelho,UFF,37,0,0,0,0,1,6,0,0,0,107
aline paes,aline paes,UFF,37,0,0,0,0,1,6,0,0,0,108
isabel rosseti,isabel rosseti,UFF,37,0,0,0,0,1,6,0,0,0,109
daniel oliveira,daniel oliveira,UFF,37,0,0,0,0,1,6,0,0,0,110
wagner santos,wagner santos,UFF / Secretaria Estadual de Polícia Militar do Rio de Janeiro,37,0,0,0,0,1,6,0,0,0,111
fabiane b. v. benitti,fabiane b. v. benitti,UFSC,21,0,0,0,0,0,0,0,0,0,112
marcio j. mantau,marcio j. mantau,UDESC,21,0,0,0,0,1,1,0,0,0,113
ronney m. castro,ronney m. castro,UFJF,18,0,0,0,0,0,0,0,0,0,114
tadeu m. classe,tadeu m. classe,UNIRIO,18,0,0,0,0,0.333333,2,0,0,0,115
luis santos,luis santos,UFJF,13,0,0,0,0,1,1,0,0,0,116
antonio a. lima,antonio a. lima,UNIRIO / UERJ,18,0,0,0,0,1,6,0,0,0,117
albert r. s. catojo,albert r. s. catojo,UNIRIO,18,0,0,0,0,1,6,0,0,0,118
daniel m. alves,daniel m. alves,UNIRIO,18,0,0,0,0,1,6,0,0,0,119
gabriel b. s. pinto,gabriel b. s. pinto,UNIRIO,18,0,0,0,0,1,6,0,0,0,120
luiz p. carvalho,luiz p. carvalho,UFRJ,37,0,0,0,0,1,6,0,0,0,121
jose a. suzano,jose a. suzano,UFRJ,37,0,0,0,0,1,6,0,0,0,122
jonice oliveira,jonice oliveira,UFRJ,37,0,0,0,0,1,6,4,0,0,123
flavia m. santoro,flavia m. santoro,UERJ,37,0,0,0,0,1,6,0,0,0,312
carlos d. s. cruz,carlos d. s. cruz,UFBA,62,0,0,0,0,0.357143,10,0,0,0,124
joao g. kienen,joao g. kienen,UFAM,11,0,0,0,0,1,10,0,0,0,125
carlos g. araujo,carlos g. araujo,UFAM,11,0,0,0,0,1,10,0,0,0,126
rosiane freitas,rosiane freitas,UFAM,11,0,0,0,0,1,10,0,0,0,127
thais castro,thais castro,UFAM,11,0,0,0,0,1,10,0,0,0,128
leticia machado,leticia machado,SoftDesign,24,0,0,0,0,1,3,0,0,0,129
marcelo g. perin,marcelo g. perin,FGV,24,0,0,0,0,1,3,0,0,0,130
reinaldo cardoso,reinaldo cardoso,UFPA,24,0,0,0,0,1,3,0,0,0,131
andre l. c. pinheiro,andre l. c. pinheiro,UFPA,24,0,0,0,0,0.4,4,0,0,0,132
aline f. a. lima,aline f. a. lima,UFPA,24,0,0,0,0,0.4,4,0,0,0,133
matheus c. agostinho,matheus c. agostinho,UFRPE,12,0,0,0,0,0,0,0,0,0,134
george valenca,george valenca,UFRPE,12,0,0,0,0,0,0,0,0,0,135
federico costa,federico costa,UFBA,62,0,0,0,0,1,10,0,0,0,136
hussein khalil,hussein khalil,SLU,62,0,0,0,0,1,10,0,0,0,137
marcos e. barreto,marcos e. barreto,UFBA / LSE,62,0,0,0,0,1,10,0,0,0,138
isa b. c. neves,isa b. c. neves,UFBA,62,0,0,0,0,1,10,0,0,0,139
flavio e. o. e. silva,flavio e. o. e. silva,UNIFEI,23,0,0,0,0,1,1,0,0,0,140
jonas h. r. paula,jonas h. r. paula,UNIFEI,23,0,0,0,0,1,1,0,0,0,141
karine a. cordova,karine a. cordova,UDESC,21,0,0,0,0,0.666667,2,0,0,0,142
claudia pimentel,claudia pimentel,UDESC,21,0,0,0,0,0.666667,2,0,0,0,143
lucas hanauer,lucas hanauer,PUCRS,11,0,0,0,0,1,3,0,0,0,144
rafael parizi,rafael parizi,PUCRS / IFFAR,11,0,0,0,0,1,3,0,0,0,145
sabrina marczak,sabrina marczak,PUCRS,24,0,0,0,0,1,3,2,0,0,146
luciana a. almeida,luciana a. almeida,IFPA,24,0,0,0,0,0,0,0,0,0,147
carla d. m. berkenbrock,carla d. m. berkenbrock,UDESC,21,0,0,0,0,1,1,3,0,0,148
eric c. silveira,eric c. silveira,UDESC,21,0,0,0,0,1,1,0,0,0,149
jose e. brandao,jose e. brandao,UDESC,21,0,0,0,0,1,1,0,0,0,150
mario a. r. dantas,mario a. r. dantas,UFJF,13,0,0,0,0,1,10,0,0,0,151
regina m. m. braga,regina m. m. braga,UFJF,13,0,0,0,0,1,10,0,0,0,152
marcelo f. moreno,marcelo f. moreno,UFJF,13,0,0,0,0,1,10,0,0,0,153
victor s. a. menezes,victor s. a. menezes,UFJF,13,0,0,0,0,1,10,0,0,0,154
joao p. s. j. costa,joao p. s. j. costa,UFJF,13,0,0,0,0,1,10,0,0,0,155
regina m. braga,regina m. braga,UFJF,13,0,0,0,0,1,10,0,0,0,156
guilherme barbosa,guilherme barbosa,UFJF,13,0,0,0,0,1,10,0,0,0,157
kennya siqueira,kennya siqueira,EMBRAPA,13,0,0,0,0,1,10,0,0,0,158
rian d. alves,rian d. alves,UFJF,13,0,0,0,0,1,10,0,0,0,159
jose m. david,jose m. david,UFJF,13,0,0,0,0,1,10,0,0,0,160
anselmo p. r. costa,anselmo p. r. costa,UFRJ,14,0,0,0,0,1,6,0,0,0,161
daniel schneider,daniel schneider,UFRJ,14,0,0,0,0,1,6,0,0,0,162
erica j. s. scheffel,erica j. s. scheffel,UFRJ,14,0,0,0,0,1,6,0,0,0,163
marcos a. g. xavier,marcos a. g. xavier,UFRJ,14,0,0,0,0,1,6,0,0,0,164
alberto castro,alberto castro,UFAM,11,0,0,0,0,1,1,0,0,0,165
romualdo azevedo,romualdo azevedo,UFAM,11,0,0,0,0,1,1,0,0,0,166
mateus b. machado,mateus b. machado,UFBA,62,0,0,0,0,0.5,3,0,0,0,167
caio v. s. lopes,caio v. s. lopes,UFBA,62,0,0,0,0,0.5,3,0,0,0,168
diego a. s. lisboa,diego a. s. lisboa,UFPA,24,0,0,0,0,0.833333,5,0,0,0,169
leticia s. machado,leticia s. machado,UFPA,24,0,0,0,0,0.833333,5,0,0,0,170
clara m. caldeira,clara m. caldeira,UFPA,24,0,0,0,0,0.833333,5,0,0,0,171
rita s. p. maciel,rita s. p. maciel,UFBA,13,0,0,0,0,1,1,0,0,0,172
edgar delbem,edgar delbem,UFRJ,14,0,0,0,0,1,3,0,0,0,173
carla v. m. marques,carla v. m. marques,UFRJ,14,0,0,0,0,1,3,0,0,0,174
carlo e. t. oliveira,carlo e. t. oliveira,UFRJ,14,0,0,0,0,1,3,0,0,0,175
pamella soares,pamella soares,UECE,15,0,0,0,0,1,10,0,0,0,176
paulo h. m. maia,paulo h. m. maia,UECE,15,0,0,0,0,1,10,0,0,0,177
jerffeson souza,jerffeson souza,UECE,15,0,0,0,0,1,10,0,0,0,178
allyson a. araujo,allyson a. araujo,UFC,15,0,0,0,0,1,10,0,0,0,179
matheus paixao,matheus paixao,UECE,15,0,0,0,0,1,10,0,0,0,180
rommel castro,rommel castro,UECE,15,0,0,0,0,1,10,0,0,0,181
nelson n. t. junior,nelson n. t. junior,Unicesumar,16,0,0,0,0,1,1,0,0,0,182
arthur g. b. c. urpia,arthur g. b. c. urpia,Unicesumar,16,0,0,0,0,1,1,0,0,0,183
amanda c. teixeira,amanda c. teixeira,Unicesumar,16,0,0,0,0,1,1,0,0,0,184
miriam o. santos,miriam o. santos,UNIRIO,18,0,0,0,0,1,1,0,0,0,185
gustavo h. s. alexandre,gustavo h. s. alexandre,Cesar School,17,0,0,0,0,0,0,0,0,0,186
jesiel v. silva,jesiel v. silva,Cesar School / IFPI,17,0,0,0,0,0,0,0,0,0,187
paulo s. m. santos,paulo s. m. santos,UNIRIO,18,0,0,0,0,1,1,0,0,0,188
bruna diir,bruna diir,UNIRIO,18,0,0,0,0,1,1,0,0,0,189
clodis boscarioli,clodis boscarioli,UNIOESTE,19,0,0,0,0,1,10,0,0,0,190
raissa barcellos,raissa barcellos,UFF,19,0,0,0,0,1,10,0,0,0,191
leonardo vasconcelos,leonardo vasconcelos,UFF,19,0,0,0,0,1,10,0,0,0,192
jose viterbo,jose viterbo,UFF,19,0,0,0,0,1,10,0,0,0,193
eunice nunes,eunice nunes,UFMT,19,0,0,0,0,1,10,0,0,0,194
flavia bernardini,flavia bernardini,UFF,19,0,0,0,0,1,10,0,0,0,195
daniel paiva,daniel paiva,UFF,20,0,0,0,0,0,0,0,0,0,196
francisco oliveira,francisco oliveira,UFF,20,0,0,0,0,0,0,0,0,0,197
claudia cappelli,claudia cappelli,UFRJ,44,0,0,0,0,0,0,0,0,0,198
mauro c. pichiliani,mauro c. pichiliani,IBM Research AI,21,0,0,0,0,1,1,0,0,0,199
prasun dewan,prasun dewan,University of North Carolina-Chapel Hill,21,0,0,0,0,1,1,0,0,0,200
celso m. hirata,celso m. hirata,ITA,21,0,0,0,0,1,1,0,0,0,201
livia c. gouvea,livia c. gouvea,UNIRIO,18,0,0,0,0,1,1,0,0,0,202
mariano pimentel,mariano pimentel,UNIRIO,44,0,0,0,0,1,1,1,0,0,489
ricardo d. rodriguez,ricardo d. rodriguez,UNIRIO,44,0,0,0,0,0,0,0,0,0,203
carlos oliveira,carlos oliveira,UNIRIO,18,0,0,0,0,1,1,0,0,0,204
mauro amazonas,mauro amazonas,UFAM,11,0,0,0,0,0.666667,2,0,0,0,205
frederick m. c. v. amstel,frederick m. c. v. amstel,UTFPR,22,0,0,0,0,0,0,0,0,0,206
mateus f. l. pelanda,mateus f. l. pelanda,UTFPR,22,0,0,0,0,0,0,0,0,0,207
jaziel s. lobo,jaziel s. lobo,UFBA,62,0,0,0,0,0,0,0,0,0,208
leandro a. melo,leandro a. melo,UFRN,24,0,0,0,0,1,6,0,0,0,209
fabio f. s. junior,fabio f. s. junior,UFRN,24,0,0,0,0,1,6,0,0,0,210
fernando f. filho,fernando f. filho,UFRN,24,0,0,0,0,1,6,0,0,0,211
tiago h. s. leite,tiago h. s. leite,UFRN,24,0,0,0,0,1,6,0,0,0,212
marcelo fornazin,marcelo fornazin,UFF,37,0,0,0,0,0,0,0,0,0,213
jonatas c. santos,jonatas c. santos,UNIRIO,1,0,0,0,0,0,0,0,0,0,214
vitor q. campos,vitor q. campos,UFJF,13,0,0,0,0,0,0,0,0,0,215
fernando c. d. silva,fernando c. d. silva,UNIRIO,18,0,0,0,0,0,0,0,0,0,216
fabiana barros,fabiana barros,UNIFEI,23,0,0,0,0,1,10,0,0,0,217
mauro s. r. souza,mauro s. r. souza,UNIFEI,23,0,0,0,0,1,10,0,0,0,218
pedro t. m. pedrosa,pedro t. m. pedrosa,UNIFEI,23,0,0,0,0,1,10,0,0,0,219
kayque w. r. oliveira,kayque w. r. oliveira,UNIFEI,23,0,0,0,0,1,10,0,0,0,220
gustavo e. r. g. alves,gustavo e. r. g. alves,UNIFEI,23,0,0,0,0,1,10,0,0,0,221
glivia a. r. barbosa,glivia a. r. barbosa,CEFET-MG,41,0,0,0,0,1,3,5,0,0,222
flavio r. s. coutinho,flavio r. s. coutinho,CEFET-MG,41,0,0,0,0,1,3,5,0,0,223
ismael s. silva,ismael s. silva,CEFET-MG,41,0,0,0,0,1,3,5,0,0,224
arley s. ribeiro,arley s. ribeiro,CEFET-MG,41,0,0,0,0,1,3,0,0,0,225
laino santos,laino santos,EMPREL,70,0,0,0,0,0,0,0,0,0,226
ricardo r. m. melo,ricardo r. m. melo,UFPA,24,0,0,0,0,0,0,0,0,0,227
carlos a. f. gama,carlos a. f. gama,UFRJ,37,0,0,0,0,0,0,0,0,0,228
matheus dore,matheus dore,FIVJ,25,0,0,0,0,1,10,0,0,0,229
camila campos,camila campos,FIVJ,25,0,0,0,0,1,10,0,0,0,230
samuel braz,samuel braz,FIVJ,25,0,0,0,0,1,10,0,0,0,231
iran r. costa,iran r. costa,FIVJ,25,0,0,0,0,1,10,0,0,0,232
tadeu classe,tadeu classe,UNIRIO,25,0,0,0,0,1,10,0,0,0,233
gildo leonel,gildo leonel,FIVJ,25,0,0,0,0,1,10,0,0,0,234
lucas e. r. freitas,lucas e. r. freitas,UDESC,21,0,0,0,0,1,1,0,0,0,235
fabiola s. f. sell,fabiola s. f. sell,UDESC,21,0,0,0,0,1,1,2,0,0,236
vanessa braganholo,vanessa braganholo,UFF,37,0,0,0,0,1,1,0,0,0,237
eduardo jandre,eduardo jandre,UFF,37,0,0,0,0,1,1,0,0,0,238
igor steinmacher,igor steinmacher,UTFPR/NAU,26,0,0,0,0,1,1,2,0,0,239
carolina toscani,carolina toscani,PUCRS,24,0,0,0,0,1,1,2,0,0,240
luis f. m. p. maia,luis f. m. p. maia,UFRJ,37,0,0,0,0,1,6,4,0,0,241
wallace ugulino,wallace ugulino,UFRJ,44,0,0,0,0,1,6,4,0,0,242
marcela m. m. yagui,marcela m. m. yagui,UFRJ,37,0,0,0,0,1,6,4,0,0,243
jaline g. mombach,jaline g. mombach,IFFarroupilha,27,0,0,0,0,1,1,2,0,0,244
wagner s. marques,wagner s. marques,IFFarroupilha,27,0,0,0,0,1,1,2,0,0,245
paulo s. s. souza,paulo s. s. souza,IFFarroupilha,27,0,0,0,0,1,1,2,0,0,246
hedo e. s. junior,hedo e. s. junior,IFSul,28,0,0,0,0,1,1,2,0,0,247
rodrigo r. oliveira,rodrigo r. oliveira,IFSul,28,0,0,0,0,0.333333,2,4,0,0,248
leonardo b. genuino,leonardo b. genuino,IFSul,28,0,0,0,0,1,1,2,0,0,249
carlos m. s. figueiredo,carlos m. s. figueiredo,UEA/Samsung Ocean,35,0,0,0,0,0.833333,5,2,0,0,250
alice a. f. menezes,alice a. f. menezes,UFAM,35,0,0,0,0,0.833333,5,2,0,0,251
arthur o. silva,arthur o. silva,UFSC,28,0,0,0,0,1,1,2,0,0,252
luana l. rodrigues,luana l. rodrigues,IFSUL,28,0,0,0,0,1,1,2,0,0,253
gabriel c. oliveira,gabriel c. oliveira,FURB,21,0,0,0,0,1,10,5,0,0,254
mauro m. mattos,mauro m. mattos,FURB,21,0,0,0,0,1,10,6,0,0,255
nelson hein,nelson hein,FURB,21,0,0,0,0,1,10,5,0,0,256
karina z. cunha,karina z. cunha,FURB,21,0,0,0,0,1,10,5,0,0,257
luciana p. araujo,luciana p. araujo,FURB,21,0,0,0,0,1,10,6,0,0,258
fabricia d. zucco,fabricia d. zucco,FURB,21,0,0,0,0,1,10,5,0,0,259
juarez b. silva,juarez b. silva,UFSC,29,0,0,0,0,1,6,4,0,0,260
joao b. m. alves,joao b. m. alves,UFSC,29,0,0,0,0,1,6,4,0,0,261
hamadou saliah-hassane,hamadou saliah-hassane,TÉLUC,29,0,0,0,0,1,6,4,0,0,262
joao p. c. lima,joao p. c. lima,UFRGS,29,0,0,0,0,1,6,4,0,0,263
jose p. s. simao,jose p. s. simao,UFSC,29,0,0,0,0,1,6,4,0,0,264
eduardo feitosa,eduardo feitosa,UFAM,11,0,0,0,0,1,3,3,0,0,265
jordan queiroz,jordan queiroz,UFAM,11,0,0,0,0,1,3,3,0,0,266
samantha correa,samantha correa,UFAM,11,0,0,0,0,1,3,3,0,0,267
marilia s. mendes,marilia s. mendes,UFC,30,0,0,0,0,1,1,2,0,0,268
elizabeth s. furtado,elizabeth s. furtado,UNIFOR,30,0,0,0,0,1,1,2,0,0,269
denilson c. oliveira,denilson c. oliveira,UNIFOR,30,0,0,0,0,1,1,2,0,0,270
carolina andrade,carolina andrade,CEFET-MG,41,0,0,0,0,0.5,3,4,0,0,271
rafael s. m. ferreira,rafael s. m. ferreira,CEFET-MG,41,0,0,0,0,0.5,3,4,0,0,272
clara a. b. fernandes,clara a. b. fernandes,UNINORTE,31,0,0,0,0,1,3,3,0,0,273
aurea h. s. melo,aurea h. s. melo,UNINORTE/UFAM/EST-UEA,31,0,0,0,0,1,3,3,0,0,274
raimundo s. barreto,raimundo s. barreto,UFAM,31,0,0,0,0,1,3,3,0,0,275
marco s. s. jardim,marco s. s. jardim,UNINORTE,31,0,0,0,0,1,3,3,0,0,276
adilson r. silva,adilson r. silva,UNIRIO,44,0,0,0,0,0,0,1,0,0,277
jair c. leite,jair c. leite,UFRN,32,0,0,0,0,0,0,1,0,0,278
samanta f. aires,samanta f. aires,UFRN,32,0,0,0,0,0,0,1,0,0,279
pedro m. bernardo,pedro m. bernardo,CEFET-MG,41,0,0,0,0,0.5,3,4,0,0,280
evandrino g. barros,evandrino g. barros,CEFET-MG,41,0,0,0,0,0.5,3,4,0,0,281
talita l. menezes,talita l. menezes,UFCG,33,0,0,0,0,1,1,2,0,0,282
nazareno f. andrade,nazareno f. andrade,UFCG,33,0,0,0,0,1,1,2,0,0,283
joanna l. q. marques,joanna l. q. marques,UFCG,33,0,0,0,0,1,1,2,0,0,284
eduardo f. nakamura,eduardo f. nakamura,UFAM,35,0,0,0,0,0.533333,8,9,0,0,285
fabiola g. nakamura,fabiola g. nakamura,UFAM,35,0,0,0,0,0.8,8,7,0,0,286
bruno a. souza,bruno a. souza,UFAM,35,0,0,0,0,0.8,8,7,0,0,287
hildon l. paula,hildon l. paula,UFAM,35,0,0,0,0,1,3,3,0,0,288
geanderson e. santos,geanderson e. santos,UFMG,41,0,0,0,0,0.5,3,1,0,0,289
raquel o. prates,raquel o. prates,UFMG,40,0,0,0,0,0.428571,12,1,0,0,290
fernanda campos,fernanda campos,UFJF,13,0,0,0,0,0.733333,11,16,0,0,291
marco a. p. araujo,marco a. p. araujo,UFJF,13,0,0,0,0,0.733333,11,11,0,0,292
lenita m. ambrosio,lenita m. ambrosio,UFJF,13,0,0,0,0,0.7,7,5,0,0,293
philipe marques,philipe marques,UFJF,13,0,0,0,0,0.7,7,5,0,0,294
lesandro ponciano,lesandro ponciano,PUCMG,34,0,0,0,0,1,3,3,0,0,295
andreza valgas,andreza valgas,PUCMG,34,0,0,0,0,1,3,3,0,0,296
felipe carmo,felipe carmo,PUCMG,34,0,0,0,0,1,3,3,0,0,297
luis goes,luis goes,PUCMG,34,0,0,0,0,1,3,3,0,0,298
juliana g. postal,juliana g. postal,UFAM/SIDIA,35,0,0,0,0,0,0,1,0,0,299
thais g. almeida,thais g. almeida,UFAM,35,0,0,0,0,1,6,5,0,0,300
rayol m. neto,rayol m. neto,UFAM,35,0,0,0,0,1,6,4,0,0,301
fabio s. silva,fabio s. silva,UEA,36,0,0,0,0,1,3,3,0,0,302
lucas g. c. evangelista,lucas g. c. evangelista,UEA,36,0,0,0,0,1,3,3,0,0,303
thiago m. rocha,thiago m. rocha,Samsung Ocean Center,36,0,0,0,0,1,3,3,0,0,304
leticia c. passos,leticia c. passos,UEA,36,0,0,0,0,1,3,3,0,0,305
francis santos,francis santos,CEFET-MG,41,0,0,0,0,0,0,3,0,0,306
gian r. berkenbrock,gian r. berkenbrock,UFSC,21,0,0,0,0,0.666667,2,3,0,0,307
simone e. costa,simone e. costa,UDESC,21,0,0,0,0,0.666667,2,4,0,0,308
angelica f. s. dias,angelica f. s. dias,UFRJ,37,0,0,0,0,1,6,0,0,0,309
roberta salim,roberta salim,UFRJ,37,0,0,0,0,1,6,0,0,0,310
bruno b. lage,bruno b. lage,UFRJ,37,0,0,0,0,1,6,0,0,0,311
marcos r. s. borges,marcos r. s. borges,UFRJ,37,0,0,0,0,1,6,0,0,0,312
sabrina s. panceri,sabrina s. panceri,UFES,26,0,0,0,0,0,0,0,0,0,313
credine s. menezes,credine s. menezes,UFES/UFRGS,26,0,0,0,0,1,1,0,0,0,314
leonardo d. p. machado,leonardo d. p. machado,UDESC,21,0,0,0,0,1,3,0,0,0,315
ivante z. siple,ivante z. siple,UDESC,21,0,0,0,0,1,3,0,0,0,316
ig i. bittencourt,ig i. bittencourt,UFAL,38,0,0,0,0,0,0,0,0,0,317
thyago tenorio,thyago tenorio,UFAL,38,0,0,0,0,0,0,0,0,0,318
leandro o. c. vieira,leandro o. c. vieira,UDESC,21,0,0,0,0,0.666667,2,0,0,0,319
edilson h. silva,edilson h. silva,IFSC,21,0,0,0,0,0.666667,2,0,0,0,320
marcio g. arakaki,marcio g. arakaki,UFJF,13,0,0,0,0,0.7,7,0,0,0,321
guilherme g. martins,guilherme g. martins,UFJF,13,0,0,0,0,0.7,7,0,0,0,322
francila w. neiva,francila w. neiva,UFRJ,13,0,0,0,0,0.444444,16,0,0,0,323
eulanda m. santos,eulanda m. santos,UFAM,35,0,0,0,0,0.8,8,0,0,0,324
bernardo b. gatto,bernardo b. gatto,UFAM,35,0,0,0,0,0.8,8,0,0,0,325
ana p. chaves,ana p. chaves,UTFPR,26,0,0,0,0,1,1,0,0,0,326
marco a. gerosa,marco a. gerosa,IME-USP,26,0,0,0,0,0.666667,2,0,0,0,489
lorena tomagnini,lorena tomagnini,CEFET-MG,41,0,0,0,0,0.666667,2,0,0,0,327
dhanielly p. r. lima,dhanielly p. r. lima,UFAM,39,0,0,0,0,1,1,0,0,0,328
jose f. m. netto,jose f. m. netto,UFAM,39,0,0,0,0,1,1,0,0,0,329
francisco s. s. neto,francisco s. s. neto,UFAM,39,0,0,0,0,1,1,0,0,0,330
priscila f. k. silveira,priscila f. k. silveira,IFSUL,28,0,0,0,0,0,0,0,0,0,331
luiz f. reinoso,luiz f. reinoso,UFES,26,0,0,0,0,1,1,0,0,0,332
orivaldo l. tavares,orivaldo l. tavares,UFES,26,0,0,0,0,1,1,0,0,0,333
renan f. almeida,renan f. almeida,UFES,26,0,0,0,0,1,1,0,0,0,334
isomar lima,isomar lima,UFAM,11,0,0,0,0,1,3,0,0,0,335
marcos siqueira,marcos siqueira,UFAM,11,0,0,0,0,1,3,0,0,0,336
adriana dantas,adriana dantas,UFAM,11,0,0,0,0,1,3,0,0,0,337
luiz p. d. correa,luiz p. d. correa,UFMG,40,0,0,0,0,1,6,0,0,0,338
fabricio benevenuto,fabricio benevenuto,UFMG,40,0,0,0,0,0.428571,12,0,0,0,339
antonio h. g. leite,antonio h. g. leite,UFMG,40,0,0,0,0,1,6,0,0,0,340
pedro o. v. melo,pedro o. v. melo,UFMG,40,0,0,0,0,1,6,0,0,0,341
alberto b. raposo,alberto b. raposo,PUC-RJ,44,0,0,0,0,0,0,0,0,0,342
philip k. dunker,philip k. dunker,PUC-RJ,44,0,0,0,0,0,0,0,0,0,343
jefferson o. silva,jefferson o. silva,USP/PUC-SP,26,0,0,0,0,1,1,0,0,0,344
muller g. miranda,muller g. miranda,UFPA,24,0,0,0,0,1,6,0,0,0,345
renato p. ferreira,renato p. ferreira,UFPA,24,0,0,0,0,1,6,0,0,0,346
carlos h. lopes,carlos h. lopes,UFPA,24,0,0,0,0,1,6,0,0,0,347
daniel m. silva,daniel m. silva,UDESC,21,0,0,0,0,1,3,0,0,0,348
deivid f. sartori,deivid f. sartori,UDESC,21,0,0,0,0,1,3,0,0,0,349
heleno s. c. junior,heleno s. c. junior,UFJF,13,0,0,0,0,0.9,9,0,0,0,350
fernanda c. a. campos,fernanda c. a. campos,UFJF,13,0,0,0,0,0.9,9,0,0,0,351
greis f. m. silva,greis f. m. silva,PUC-RJ,44,0,0,0,0,1,3,0,0,0,352
julio reis,julio reis,UFMG,40,0,0,0,0,1,6,0,0,0,353
lucas bastos,lucas bastos,UFMG,40,0,0,0,0,1,6,0,0,0,354
manoel miranda,manoel miranda,UFMG,40,0,0,0,0,1,6,0,0,0,355
marcelo w. barbosa,marcelo w. barbosa,PUC-MG,41,0,0,0,0,1,1,0,0,0,356
maria l. b. villela,maria l. b. villela,UFMG/UFVJM,40,0,0,0,0,1,6,0,0,0,357
diego a. f. barros,diego a. f. barros,UFMG,40,0,0,0,0,1,6,0,0,0,358
lidia s. ferreira,lidia s. ferreira,UFMG,40,0,0,0,0,1,6,0,0,0,359
raquel c. m. minardi,raquel c. m. minardi,UFMG,40,0,0,0,0,1,6,0,0,0,360
cristiana s. silva,cristiana s. silva,PUC-MG,41,0,0,0,0,0.833333,5,0,0,0,361
tatiana s. silva,tatiana s. silva,Faculdade de Ciências Médias de Minas Gerais,41,0,0,0,0,0.833333,5,0,0,0,362
fernando h. mourao,fernando h. mourao,UFSJ,41,0,0,0,0,0.833333,5,0,0,0,363
jorge s. correia-neto,jorge s. correia-neto,UFRPE,42,0,0,0,0,0.571429,16,0,0,0,364
jairo s. dornelas,jairo s. dornelas,UFPE,42,0,0,0,0,1,6,0,0,0,365
guilherme vilar,guilherme vilar,UFRPE,42,0,0,0,0,0.571429,16,0,0,0,366
cleyton v. c. magalhaes,cleyton v. c. magalhaes,UFPE,42,0,0,0,0,1,6,0,0,0,367
ronnie e. s. santos,ronnie e. s. santos,UFPE,42,0,0,0,0,1,6,0,0,0,368
leif singer,leif singer,University of Victoria,24,0,0,0,0,0.642857,18,0,0,0,369
muller miranda,muller miranda,Universidade Federal do Pará,24,0,0,0,0,0.9,9,0,0,0,370
christoph treude,christoph treude,Universidade Federal do Rio Grande do Norte,24,0,0,0,0,0.642857,18,0,0,0,371
renato ferreira,renato ferreira,Universidade Federal do Pará,24,0,0,0,0,0.9,9,0,0,0,372
geraldo c. junior,geraldo c. junior,UFRPE,42,0,0,0,0,1,10,0,0,0,373
edgar n. a. g. lima,edgar n. a. g. lima,UFRPE,42,0,0,0,0,1,10,0,0,0,374
gustavo freitas,gustavo freitas,UFRPE,42,0,0,0,0,1,10,0,0,0,375
sandra mattos,sandra mattos,CirCor,42,0,0,0,0,1,10,0,0,0,376
adja f. andrade,adja f. andrade,Universidade Federal do Rio Grande do Norte,43,0,0,0,0,0,0,0,0,0,377
paulo c. f. sousa,paulo c. f. sousa,Universidade Federal do Rio Grande do Norte,43,0,0,0,0,0,0,0,0,0,378
simone d. barbosa,simone d. barbosa,PUC-Rio,44,0,0,0,0,1,1,0,0,0,379
marcus f. c. alencar,marcus f. c. alencar,PUC-Rio,44,0,0,0,0,1,1,0,0,0,380
nayat sanchez-pi,nayat sanchez-pi,UERJ,45,0,0,0,0,1,1,0,0,0,381
daniel cinalli,daniel cinalli,UFF,45,0,0,0,0,1,1,0,0,0,382
luis marti,luis marti,PUC-Rio,45,0,0,0,0,1,1,0,0,0,383
flavio steffens,flavio steffens,PUCRS,24,0,0,0,0,1,10,0,0,0,384
david r. b. al-ani,david r. b. al-ani,University of California,24,0,0,0,0,1,10,0,0,0,385
renata wassermann,renata wassermann,Universidade de São Paulo,26,0,0,0,0,1,6,0,0,0,386
leliane n. barros,leliane n. barros,Universidade de São Paulo,26,0,0,0,0,1,6,0,0,0,387
marisol s. yucra,marisol s. yucra,Universidade de São Paulo,26,0,0,0,0,1,6,0,0,0,388
ricardo t. souza,ricardo t. souza,Universidade de São Paulo,26,0,0,0,0,1,6,0,0,0,389
diana c. a. c,diana c. a. c,UFRJ,37,0,0,0,0,0,0,0,0,0,390
daniel m. a. silva,daniel m. a. silva,UDESC,21,0,0,0,0,0.666667,2,0,0,0,391
igor s. wiese,igor s. wiese,UTFPR,26,0,0,0,0,0.666667,2,0,0,0,392
jose t. silva,jose t. silva,USP,26,0,0,0,0,0.666667,2,0,0,0,393
nazareno andrade,nazareno andrade,UFCG,46,0,0,0,0,1,3,0,0,0,394
rodrigo f. macedo,rodrigo f. macedo,UFCG,46,0,0,0,0,1,3,0,0,0,395
david c. maia,david c. maia,UFCG,46,0,0,0,0,1,3,0,0,0,396
ana l. gomes,ana l. gomes,UFCG,46,0,0,0,0,1,3,0,0,0,397
roberta l. gomes,roberta l. gomes,UFES,26,0,0,0,0,1,1,0,0,0,398
juan x. calles,juan x. calles,UFES,26,0,0,0,0,1,1,0,0,0,399
celso a. santos,celso a. santos,UFES,26,0,0,0,0,1,1,0,0,0,400
leonardo c. cruz,leonardo c. cruz,IME,47,0,0,0,0,0,0,0,0,0,401
jauvane c. oliveira,jauvane c. oliveira,LNCC,47,0,0,0,0,0,0,0,0,0,402
marcelo s. hounsell,marcelo s. hounsell,UDESC,21,0,0,0,0,1,1,0,0,0,403
claudinei dias,claudinei dias,UDESC,21,0,0,0,0,1,1,0,0,0,404
igor wiese,igor wiese,Universidade Tecnológica do Paraná,26,0,0,0,0,0,0,0,0,0,405
renata araujo,renata araujo,UNIRIO,18,0,0,0,0,0,0,0,0,0,406
lucas s. oliveira,lucas s. oliveira,Universidade Estadual do Sudoeste da Bahia,48,0,0,0,0,1,1,0,0,0,407
marcelo s. amaral,marcelo s. amaral,Universidade Estadual do Sudoeste da Bahia,48,0,0,0,0,1,1,0,0,0,408
israel s. aguiar,israel s. aguiar,Universidade Estadual do Sudoeste da Bahia,48,0,0,0,0,1,1,0,0,0,409
ingrhid theodoro,ingrhid theodoro,UFRJ,37,0,0,0,0,1,6,0,0,0,410
bernardo stearns,bernardo stearns,UFRJ,37,0,0,0,0,1,6,0,0,0,411
fabio rangel,fabio rangel,UFRJ,37,0,0,0,0,1,6,0,0,0,412
tiago c. franca,tiago c. franca,UFRJ,37,0,0,0,0,1,6,0,0,0,413
roberto a. bittencourt,roberto a. bittencourt,UEFS,49,0,0,0,0,1,1,0,0,0,414
douglas c. cerqueira,douglas c. cerqueira,UEFS,49,0,0,0,0,1,1,0,0,0,415
marilton m. cerqueira,marilton m. cerqueira,IFBAIANO,49,0,0,0,0,1,1,0,0,0,416
andrea teixeira,andrea teixeira,Universidade Federal do Amazonas,11,0,0,0,0,0,0,0,0,0,417
jessica castro,jessica castro,"Universidade Federal da
Paraíba",50,0,0,0,0,1,3,0,0,0,418
fernando matos,fernando matos,Universidade Federal da Paraíba,50,0,0,0,0,1,3,0,0,0,419
iury araujo,iury araujo,Universidade Federal da Paraíba,50,0,0,0,0,1,3,0,0,0,420
eudisley anjos,eudisley anjos,Universidade Federal da Paraíba,50,0,0,0,0,1,3,0,0,0,421
lucas v. ribeiro,lucas v. ribeiro,Universidade Tecnológica Federal do Paraná,26,0,0,0,0,1,3,0,0,0,422
paulo b. costa,paulo b. costa,Universidade Tecnológica Federal do Paraná,26,0,0,0,0,1,3,0,0,0,423
filipe r. cogo,filipe r. cogo,Universidade Tecnológica Federal do Paraná,26,0,0,0,0,1,3,0,0,0,424
leandro melo,leandro melo,Universidade Federal do Rio Grande do Norte,24,0,0,0,0,1,1,0,0,0,425
narallynne araujo,narallynne araujo,Universidade Federal do Rio Grande do Norte,24,0,0,0,0,1,1,0,0,0,426
ramon r. m. vieira,ramon r. m. vieira,UFRGS,26,0,0,0,0,1,1,0,0,0,427
edmar w. oliveira,edmar w. oliveira,UFJF,37,0,0,0,0,0,0,0,0,0,428
ivanete z. siple,ivanete z. siple,Universidade do Estado de Santa Catarina,21,0,0,0,0,0,0,0,0,0,429
ilmara m. m. ramos,ilmara m. m. ramos,Universidade Federal do Amazonas,51,0,0,0,0,1,1,0,0,0,430
david b. ramos,david b. ramos,Universidade Federal do Amazonas,51,0,0,0,0,1,1,0,0,0,431
elaine h. t. oliveira,elaine h. t. oliveira,Universidade Federal do Amazonas,51,0,0,0,0,1,1,0,0,0,432
rosimar sobrinho,rosimar sobrinho,Universidade do Estado do Amazonas,11,0,0,0,0,0,0,0,0,0,433
felipe m. muller,felipe m. muller,UFSM,52,0,0,0,0,1,3,0,0,0,434
giliane bernardi,giliane bernardi,UFSM,52,0,0,0,0,1,3,0,0,0,435
andre z. cordenonsi,andre z. cordenonsi,UFSM,52,0,0,0,0,1,3,0,0,0,436
tarcila g. silva,tarcila g. silva,UFSM,52,0,0,0,0,1,3,0,0,0,437
jussara rodrigues,jussara rodrigues,UNIRIO,53,0,0,0,0,1,1,0,0,0,438
helena araujo,helena araujo,UNIRIO,53,0,0,0,0,1,1,0,0,0,439
vania m. f. dias,vania m. f. dias,UNIRIO,53,0,0,0,0,1,1,0,0,0,440
maison melotti,maison melotti,UFES,26,0,0,0,0,1,3,0,0,0,441
victor r. o. nunes,victor r. o. nunes,UFES,26,0,0,0,0,1,3,0,0,0,442
diego o. rodrigues,diego o. rodrigues,Centro Universitário Luterano de Palmas,54,0,0,0,0,1,10,0,0,0,443
jackson g. souza,jackson g. souza,Centro Universitário Luterano de Palmas,54,0,0,0,0,1,10,0,0,0,444
silvio r. l. meira,silvio r. l. meira,UFPE,54,0,0,0,0,1,10,0,0,0,445
edeilson m. silva,edeilson m. silva,Centro Universitário Luterano de Palmas,54,0,0,0,0,1,10,0,0,0,446
parcilene f. brito,parcilene f. brito,Centro Universitário Luterano de Palmas,54,0,0,0,0,1,10,0,0,0,447
ana c. salgado,ana c. salgado,UFPE,54,0,0,0,0,1,10,0,0,0,448
luziane f. mendonca,luziane f. mendonca,UFRJ,37,0,0,0,0,1,1,0,0,0,449
patricia z. lima,patricia z. lima,UFRJ,37,0,0,0,0,1,1,0,0,0,450
edmilson b. rocha,edmilson b. rocha,UNIRIO,44,0,0,0,0,1,1,0,0,0,451
morganna c. diniz,morganna c. diniz,UNIRIO,44,0,0,0,0,1,1,0,0,0,452
antonio neto,antonio neto,IFAM,11,0,0,0,0,0.7,7,0,0,0,453
david lima,david lima,IFAM,11,0,0,0,0,0.7,7,0,0,0,454
lucilene maciel,lucilene maciel,UFAM,11,0,0,0,0,0.7,7,0,0,0,455
guilherme miranda,guilherme miranda,UFF,37,0,0,0,0,1,3,0,0,0,456
joao a. souza,joao a. souza,UFF,37,0,0,0,0,1,3,0,0,0,457
roberto araujo,roberto araujo,UFPA,55,0,0,0,0,1,3,0,0,0,458
felipe l. silva,felipe l. silva,UFPA,55,0,0,0,0,1,3,0,0,0,459
lucas m. silva,lucas m. silva,UFPA,55,0,0,0,0,1,3,0,0,0,460
nelson n. sampaio,nelson n. sampaio,UFPA,55,0,0,0,0,1,3,0,0,0,461
joao p. albuquerque,joao p. albuquerque,USP,56,0,0,0,0,1,3,0,0,0,462
flavio e. a. horita,flavio e. a. horita,USP,56,0,0,0,0,1,3,0,0,0,463
roberto s. rocha,roberto s. rocha,USP,56,0,0,0,0,1,3,0,0,0,464
livia c. degrossi,livia c. degrossi,USP,56,0,0,0,0,1,3,0,0,0,465
marlon f. antonio,marlon f. antonio,UTFPR,26,0,0,0,0,0.333333,1,0,0,0,466
josiane m. pinheiro,josiane m. pinheiro,UTFPR,91,0,0,0,0,0,0,0,0,0,467
cesar a. tacla,cesar a. tacla,UTFPR,91,0,0,0,0,1,1,0,0,0,468
dhanielly lima,dhanielly lima,UFAM,11,0,0,0,0,1,3,0,0,0,469
vitor bremgartner,vitor bremgartner,UFAM,11,0,0,0,0,1,3,0,0,0,470
jose f. netto,jose f. netto,UFAM,11,0,0,0,0,1,3,0,0,0,471
romis attux,romis attux,UNICAMP,57,0,0,0,0,1,1,0,0,0,472
leonardo m. barbosa,leonardo m. barbosa,UNICAMP,57,0,0,0,0,1,1,0,0,0,473
alan godoy,alan godoy,UNICAMP,57,0,0,0,0,1,1,0,0,0,474
bruno s. nascimento,bruno s. nascimento,UFRJ,37,0,0,0,0,1,3,0,0,0,475
rodrigo c. andrade,rodrigo c. andrade,UFRJ,37,0,0,0,0,1,3,0,0,0,476
leila m. antunes,leila m. antunes,UFRJ,37,0,0,0,0,0.666667,2,0,0,0,477
diana c. a. c.,diana c. a. c.,UFRJ,37,0,0,0,0,0.666667,2,0,0,0,478
carla d. berkenbrock,carla d. berkenbrock,UDESC,21,0,0,0,0,1,1,0,0,0,479
anrafel f. pereira,anrafel f. pereira,UFJF,13,0,0,0,0,0,0,0,0,0,480
victor raft,victor raft,UFES,26,0,0,0,0,0,0,0,0,0,481
jose g. p. filho,jose g. p. filho,UFES,26,0,0,0,0,1,1,0,0,0,482
fernando a. m. filho,fernando a. m. filho,UFES,26,0,0,0,0,1,1,0,0,0,483
cristiana p. bispo,cristiana p. bispo,UNIFACS,13,0,0,0,0,0,0,0,0,0,484
natalia s. santos,natalia s. santos,UFMG,40,0,0,0,0,0,0,0,0,0,485
hugo fuks,hugo fuks,PUC-Rio,44,0,0,0,0,1,10,0,0,0,486
katia vega,katia vega,PUC-Rio,44,0,0,0,0,1,10,0,0,0,487
debora cardador,debora cardador,PUC-Rio,44,0,0,0,0,1,10,0,0,0,488
alberto raposo,alberto raposo,PUC-Rio,44,0,0,0,0,0.464286,13,0,0,0,489
denise filippo,denise filippo,UERJ,44,0,0,0,0,1,10,0,0,0,489
sergio r. p. silva,sergio r. p. silva,Universidade Estadual de Maringá,91,0,0,0,0,1,1,0,0,0,490
josiane m. p. ferreira,josiane m. p. ferreira,UTFPR,91,0,0,0,0,1,1,0,0,0,491
priscilla braz,priscilla braz,PUC-Rio,44,0,0,0,0,1,3,0,0,0,492
paula c. ribeiro,paula c. ribeiro,PUC-Rio,44,0,0,0,0,1,3,0,0,0,493
alberto h. faria,alberto h. faria,PUC-MG,58,0,0,0,0,0,0,0,0,0,494
cristiane n. nobre,cristiane n. nobre,PUC-MG,58,0,0,0,0,0,0,0,0,0,495
marco a. graciotto,marco a. graciotto,UTFPR,26,0,0,0,0,0.166667,1,0,0,0,496
andreia s. bos,andreia s. bos,UFSM,52,0,0,0,0,0.4,4,0,0,0,497
ricardo fleck,ricardo fleck,UFSM,52,0,0,0,0,0.4,4,0,0,0,498
nilmara salgado,nilmara salgado,UFAM,11,0,0,0,0,1,1,0,0,0,499
eduardo r. silva,eduardo r. silva,PUC-Rio,44,0,0,0,0,0,0,0,0,0,500
ana p. c. silva,ana p. c. silva,UFMG,40,0,0,0,0,1,3,0,0,0,501
willyan m. ferreira,willyan m. ferreira,UFOP,40,0,0,0,0,1,3,0,0,0,502
luiz h. c. merschmann,luiz h. c. merschmann,UFOP,40,0,0,0,0,1,3,0,0,0,503
avelino ferreira,avelino ferreira,UFRJ,37,0,0,0,0,1,3,0,0,0,504
alvaro penna,alvaro penna,UFRJ,37,0,0,0,0,1,3,0,0,0,505
viviane azevedo,viviane azevedo,UFRJ,37,0,0,0,0,1,3,0,0,0,506
elaine n. watanabe,elaine n. watanabe,IBM,59,0,0,0,0,1,15,0,0,0,507
alessandro costa,alessandro costa,IBM,59,0,0,0,0,1,15,0,0,0,508
vagner f. santana,vagner f. santana,IBM,59,0,0,0,0,1,15,0,0,0,509
rogerio a. paula,rogerio a. paula,IBM,59,0,0,0,0,1,15,0,0,0,510
carina missae,carina missae,IBM,59,0,0,0,0,1,15,0,0,0,511
silvia c. s. bianchi,silvia c. s. bianchi,IBM,59,0,0,0,0,1,15,0,0,0,512
claudio s. pinhanez,claudio s. pinhanez,IBM,59,0,0,0,0,1,15,0,0,0,513
marcelo k. nishi,marcelo k. nishi,UTFPR,26,0,0,0,0,0,0,0,0,0,514
romulo c. batista,romulo c. batista,UFMA,60,0,0,0,0,0,0,0,0,0,515
francisco j. s. e. silva,francisco j. s. e. silva,UFMA,60,0,0,0,0,0,0,0,0,0,516
tainan g. f. souza,tainan g. f. souza,UEM,62,0,0,0,0,1,1,0,0,0,517
elisa h. m. huzita,elisa h. m. huzita,UEM,62,0,0,0,0,1,1,0,0,0,518
yan h. kabuki,yan h. kabuki,UEM,62,0,0,0,0,1,1,0,0,0,519
leandro d. calvao,leandro d. calvao,UNIRIO,44,0,0,0,0,1,3,0,0,0,520
janisson g. souza,janisson g. souza,UFS,61,0,0,0,0,1,1,0,0,0,521
methanias c. junior,methanias c. junior,UFS,61,0,0,0,0,1,1,0,0,0,522
carlos a. goncalves,carlos a. goncalves,UFMG,61,0,0,0,0,1,1,0,0,0,523
jailson brito,jailson brito,UFBA,62,0,0,0,0,1,10,0,0,0,524
lincoln brito,lincoln brito,UFBA,62,0,0,0,0,1,10,0,0,0,525
adolfo duran,adolfo duran,UFBA,62,0,0,0,0,1,10,0,0,0,526
victor martinez,victor martinez,UFBA,62,0,0,0,0,1,10,0,0,0,527
adriano fialho,adriano fialho,UFBA,62,0,0,0,0,1,10,0,0,0,528
ricardo a. costa,ricardo a. costa,UFPE,54,0,0,0,0,0.4,4,0,0,0,529
luiz a. f. santos,luiz a. f. santos,UTFPR,26,0,0,0,0,1,3,0,0,0,530
daniel m. batista,daniel m. batista,USP,26,0,0,0,0,1,3,0,0,0,531
rodrigo campiolo,rodrigo campiolo,UTFPR,26,0,0,0,0,1,3,0,0,0,532
sandra a. amo,sandra a. amo,UFU,63,0,0,0,0,1,3,0,0,0,533
hiran n. m. ferreira,hiran n. m. ferreira,UFU,63,0,0,0,0,1,3,0,0,0,534
renan g. cattelan,renan g. cattelan,UFU,63,0,0,0,0,1,3,0,0,0,535
rafael d. araujo,rafael d. araujo,UFU,63,0,0,0,0,1,3,0,0,0,536
davi viana,davi viana,UFAM,11,0,0,0,0,1,3,0,0,0,537
gleison santos,gleison santos,UNIRIO,11,0,0,0,0,1,3,0,0,0,538
jacilane rabelo,jacilane rabelo,UFAM,11,0,0,0,0,1,3,0,0,0,539
vinicius b. souza,vinicius b. souza,UESB,48,0,0,0,0,0,0,0,0,0,540
markus endler,markus endler,PUC-Rio,64,0,0,0,0,0,0,0,0,0,541
alexandre skyrme,alexandre skyrme,PUC-Rio,64,0,0,0,0,0,0,0,0,0,542
tania fraga,tania fraga,IMA,21,0,0,0,0,0,0,0,0,0,543
renata m. araujo,renata m. araujo,UNIRIO,44,0,0,0,0,1,1,0,0,0,544
rafael l. tavares,rafael l. tavares,UNIRIO,44,0,0,0,0,1,1,0,0,0,545
ivanilton polato,ivanilton polato,UTFPR,65,0,0,0,0,0,0,0,0,0,546
frank h. borsato,frank h. borsato,UTFPR,65,0,0,0,0,0,0,0,0,0,547
rafael liberato,rafael liberato,UTFPR,26,0,0,0,0,0.7,7,0,0,0,548
joao e. ferreira,joao e. ferreira,USP,26,0,0,0,0,0.7,7,0,0,0,549
andre l. schwerz,andre l. schwerz,UTFPR,26,0,0,0,0,0.7,7,0,0,0,550
jose c. d. arco,jose c. d. arco,Universidad Politécnica de Madrid,62,0,0,0,0,1,1,0,0,0,551
albert moreira,albert moreira,Universidad Politécnica de Madrid,62,0,0,0,0,1,1,0,0,0,552
lucas sauter,lucas sauter,Universidade Feevale,66,0,0,0,0,1,3,0,0,0,553
patricia b. s. bassani,patricia b. s. bassani,Universidade Feevale,66,0,0,0,0,1,3,0,0,0,554
debora n. f. barbosa,debora n. f. barbosa,Universidade Feevale,66,0,0,0,0,1,3,0,0,0,555
viviane a. silva,viviane a. silva,Universidade Feevale,66,0,0,0,0,1,3,0,0,0,556
thereza p. p. padilha,thereza p. p. padilha,UFT,67,0,0,0,0,0,0,0,0,0,557
adriana n. lacerda,adriana n. lacerda,UFT,67,0,0,0,0,0,0,0,0,0,558
carolina s. andrade,carolina s. andrade,IBM,59,0,0,0,0,0.833333,5,0,0,0,559
ana p. appel,ana p. appel,IBM,59,0,0,0,0,0.833333,5,0,0,0,560
victor f. cavalcante,victor f. cavalcante,IBM,59,0,0,0,0,0.833333,5,0,0,0,561
eduardo velloso,eduardo velloso,School of Computing and Communications,44,0,0,0,0,0.666667,2,0,0,0,562
marcio ferreira,marcio ferreira,CEFET-RJ,44,0,0,0,0,0.666667,2,0,0,0,563
diego silveira,diego silveira,UFOP,40,0,0,0,0,1,10,0,0,0,564
leonardo bombonato,leonardo bombonato,UFOP,40,0,0,0,0,1,10,0,0,0,565
thalisson oliveira,thalisson oliveira,UFOP,40,0,0,0,0,1,10,0,0,0,566
reinaldo fortes,reinaldo fortes,UFOP,40,0,0,0,0,1,10,0,0,0,567
alvaro p. jr.,alvaro p. jr.,UFOP,40,0,0,0,0,1,10,0,0,0,568
karen s. figueiredo,karen s. figueiredo,UFF,18,0,0,0,0,0,0,0,0,0,569
jano souza,jano souza,UFRJ,14,0,0,0,0,1,1,0,0,0,570
katia moraes,katia moraes,UFRJ,14,0,0,0,0,1,1,0,0,0,571
straus michalsky,straus michalsky,USP,26,0,0,0,0,0,0,0,0,0,572
igor f. steinmacher,igor f. steinmacher,UTFPR,26,0,0,0,0,0.666667,2,0,0,0,573
vidal d. fontoura,vidal d. fontoura,UTFPR,26,0,0,0,0,0.666667,2,0,0,0,574
luiz p. s. alves,luiz p. s. alves,UTFPR,26,0,0,0,0,0,0,0,0,0,575
antonio ferreira,antonio ferreira,University of Lisboa,37,0,0,0,0,1,1,0,0,0,576
claudio sapateiro,claudio sapateiro,Polytechnic Institute of Setúbal,37,0,0,0,0,1,1,0,0,0,577
pedro antunes,pedro antunes,University of Lisboa,37,0,0,0,0,1,1,0,0,0,578
cintia r. c. silva,cintia r. c. silva,UFF,18,0,0,0,0,0,0,0,0,0,579
carlos lucena,carlos lucena,PUC-Rio,44,0,0,0,0,0,0,0,0,0,580
thiago r. almeida,thiago r. almeida,UNIFACS,13,0,0,0,0,0,0,0,0,0,581
gabriel balestrin,gabriel balestrin,UDESC,21,0,0,0,0,0,0,0,0,0,582
karen moreschi,karen moreschi,UTFPR,26,0,0,0,0,0.714286,15,0,0,0,583
cicero jupi,cicero jupi,UTFPR,26,0,0,0,0,0.714286,15,0,0,0,584
edilson f. costa,edilson f. costa,UTFPR,26,0,0,0,0,0.714286,15,0,0,0,585
fabio baia,fabio baia,UTFPR,26,0,0,0,0,0.714286,15,0,0,0,586
jacques wainer,jacques wainer,UNICAMP,92,0,0,0,0,1,1,0,0,0,587
daniel c. biscalchin,daniel c. biscalchin,UNICAMP,92,0,0,0,0,0,0,0,0,0,588
cristiano maciel,cristiano maciel,UFMT,18,0,0,0,0,1,1,0,0,0,589
cleyton slaviero,cleyton slaviero,UFF,18,0,0,0,0,1,1,0,0,0,590
rafael ferreira,rafael ferreira,UFPE,68,0,0,0,0,1,10,0,0,0,591
patrick brito,patrick brito,UFAL,68,0,0,0,0,1,10,0,0,0,592
evandro costa,evandro costa,UFAL,68,0,0,0,0,1,10,0,0,0,593
rinaldo lima,rinaldo lima,UFPE,68,0,0,0,0,1,10,0,0,0,594
jean melo,jean melo,UFAL,68,0,0,0,0,1,10,0,0,0,595
fred freitas,fred freitas,UFPE,68,0,0,0,0,1,10,0,0,0,596
joao b. s. oliveira,joao b. s. oliveira,PUC-RS,69,0,0,0,0,0,0,0,0,0,597
angelina ziesemer,angelina ziesemer,PUC-RS,69,0,0,0,0,0,0,0,0,0,598
adabriand furtado,adabriand furtado,UFCG,46,0,0,0,0,0,0,0,0,0,599
mariana maia,mariana maia,UFPB,70,0,0,0,0,1,1,0,0,0,600
stephany vitorio,stephany vitorio,UFPB,70,0,0,0,0,1,1,0,0,0,601
rodrigo andrade,rodrigo andrade,UFF,18,0,0,0,0,1,1,0,0,0,602
jivago medeiros,jivago medeiros,UFF,18,0,0,0,0,1,1,0,0,0,603
douglas m. silva,douglas m. silva,UNIRIO,44,0,0,0,0,1,1,0,0,0,604
jano m. souza,jano m. souza,UFRJ,10,0,0,0,0,0.490909,27,0,0,0,605
guilherme fogaca,guilherme fogaca,UFRJ,10,0,0,0,0,1,6,0,0,0,606
diego s. souza,diego s. souza,UFRJ,10,0,0,0,0,1,6,0,0,0,607
pedro c. silveira,pedro c. silveira,UFRJ,10,0,0,0,0,1,6,0,0,0,608
marcos barbato,marcos barbato,Be! Interactive,44,0,0,0,0,0.4,4,0,0,0,609
heloisa moura,heloisa moura,PUC-Rio,44,0,0,0,0,0.4,4,0,0,0,610
rafael m. alves,rafael m. alves,UFRJ,71,0,0,0,0,0,0,0,0,0,611
bruno c. c. costa,bruno c. c. costa,UFRJ,71,0,0,0,0,0,0,0,0,0,612
geraldo z. silva,geraldo z. silva,UFRJ,10,0,0,0,0,1,21,0,0,0,613
eduardo c. dalcin,eduardo c. dalcin,Instituto de Pesquisas Jardim Botânico do Rio de Janeiro,10,0,0,0,0,1,21,0,0,0,614
djalma a. lima,djalma a. lima,Instituto de Pesquisas Jardim Botânico do Rio de Janeiro,10,0,0,0,0,1,21,0,0,0,615
luis a. e. silva,luis a. e. silva,Instituto de Pesquisas Jardim Botânico do Rio de Janeiro,10,0,0,0,0,1,21,0,0,0,616
marco a. vaz,marco a. vaz,UFRJ,10,0,0,0,0,1,21,0,0,0,617
filipe b. carmo,filipe b. carmo,UFRJ,10,0,0,0,0,1,21,0,0,0,618
kleto m. zan,kleto m. zan,Instituto de Pesquisas Jardim Botânico do Rio de Janeiro,10,0,0,0,0,1,21,0,0,0,619
isabel sa,isabel sa,University of Lisbon,72,0,0,0,0,1,21,0,0,0,620
nelson baloian,nelson baloian,Universidad de Chile,72,0,0,0,0,1,21,0,0,0,621
marco sa,marco sa,Yahoo! Research,72,0,0,0,0,1,21,0,0,0,622
joao faria,joao faria,University of Lisbon,72,0,0,0,0,1,21,0,0,0,623
luis duarte,luis duarte,University of Lisbon,72,0,0,0,0,1,21,0,0,0,624
gustavo zurita,gustavo zurita,Universidad de Chile,72,0,0,0,0,1,21,0,0,0,625
luis carrico,luis carrico,University of Lisbon,72,0,0,0,0,1,21,0,0,0,626
ricardo pereira,ricardo pereira,University of Lisbon,72,0,0,0,0,1,21,0,0,0,627
claudia l. motta,claudia l. motta,UFRJ,14,0,0,0,0,1,3,0,0,0,628
carlo e. oliveira,carlo e. oliveira,UFRJ,14,0,0,0,0,1,3,0,0,0,629
davi c. m. nascimento,davi c. m. nascimento,UNIFACS,13,0,0,0,0,0,0,0,0,0,630
edith z. s. mamani,edith z. s. mamani,USP,26,0,0,0,0,0,0,0,0,0,631
renata s. s. guizzardi,renata s. s. guizzardi,UFES,26,0,0,0,0,1,1,0,0,0,632
eduardo silva,eduardo silva,UFES,26,0,0,0,0,1,1,0,0,0,633
samuel apolonio,samuel apolonio,UFRJ,37,0,0,0,0,0,0,0,0,0,634
marcelo p. guimaraes,marcelo p. guimaraes,IFSP,73,0,0,0,0,1,1,0,0,0,635
adriano rivolli,adriano rivolli,USP,73,0,0,0,0,1,1,0,0,0,636
dilvan a. moreira,dilvan a. moreira,USP,73,0,0,0,0,1,1,0,0,0,637
elder cirilo,elder cirilo,PUC-Rio,44,0,0,0,0,1,6,0,0,0,638
carlos j. p. lucena,carlos j. p. lucena,PUC-Rio,44,0,0,0,0,1,6,0,0,0,489
alberto c. jr.,alberto c. jr.,UFAM,44,0,0,0,0,1,6,0,0,0,639
jean m. r. costa,jean m. r. costa,UFPA,24,0,0,0,0,1,1,0,0,0,640
marinalva d. soares,marinalva d. soares,INPE,74,0,0,0,0,1,3,0,0,0,641
luciano dutra,luciano dutra,INPE,74,0,0,0,0,1,3,0,0,0,642
rafael santos,rafael santos,INPE,74,0,0,0,0,1,3,0,0,0,643
nandamudi vijaykumar,nandamudi vijaykumar,INPE,74,0,0,0,0,1,3,0,0,0,644
bruno merlin,bruno merlin,UFPA,24,0,0,0,0,0,0,0,0,0,645
celso hiirata,celso hiirata,ITA,24,0,0,0,0,0,0,0,0,0,646
italo ribeiro,italo ribeiro,Faculdade Ruy Barbosa,13,0,0,0,0,0.7,7,0,0,0,647
bruno c. silva,bruno c. silva,UFBA,13,0,0,0,0,0.7,7,0,0,0,648
renato p. conceicao,renato p. conceicao,Faculdade Ruy Barbosa,13,0,0,0,0,0.7,7,0,0,0,649
sean siqueira,sean siqueira,UNIRIO,44,0,0,0,0,1,1,0,0,0,650
aline m. marques,aline m. marques,UNIRIO,44,0,0,0,0,1,1,0,0,0,651
a.p.c. silva,a.p.c. silva,ITA,75,0,0,0,0,1,6,0,0,0,652
c.t. fernandes,c.t. fernandes,ITA,75,0,0,0,0,1,6,0,0,0,653
c.d.m. berkenbrock,c.d.m. berkenbrock,UDESC,75,0,0,0,0,1,6,0,0,0,654
c.m. hirata,c.m. hirata,ITA,75,0,0,0,0,1,6,0,0,0,655
m.c. pichiliani,m.c. pichiliani,ITA,75,0,0,0,0,1,6,0,0,0,656
ricardo r. nunes,ricardo r. nunes,UTAD,44,0,0,0,0,1,3,0,0,0,657
daniel r. figueiredo,daniel r. figueiredo,UFRJ,76,0,0,0,0,0,0,0,0,0,658
vinicius p. m. freire,vinicius p. m. freire,UFRJ,76,0,0,0,0,0,0,0,0,0,659
marcio p. lima,marcio p. lima,UNIFACS,13,0,0,0,0,1,1,0,0,0,660
benedito t. dantas,benedito t. dantas,CIMATEC,13,0,0,0,0,1,1,0,0,0,661
victor j. salles,victor j. salles,UFMG,40,0,0,0,0,1,1,0,0,0,662
rodrigo f. silva,rodrigo f. silva,UFMG,40,0,0,0,0,1,1,0,0,0,663
samantha vrabl,samantha vrabl,UFRJ,37,0,0,0,0,1,1,0,0,0,664
clovis t. fernandes,clovis t. fernandes,ITA,21,0,0,0,0,1,1,0,0,0,665
eveline j. v. sa,eveline j. v. sa,IFMA,21,0,0,0,0,1,1,0,0,0,666
jeane s. f. teixeira,jeane s. f. teixeira,IFMA,21,0,0,0,0,1,1,0,0,0,667
g. robichez,g. robichez,PUC-Rio,44,0,0,0,0,1,3,0,0,0,668
k. vega,k. vega,PUC-Rio,44,0,0,0,0,1,3,0,0,0,669
a. pereira,a. pereira,PUC-Rio,44,0,0,0,0,1,3,0,0,0,670
denise p. n. machado,denise p. n. machado,FURB,37,0,0,0,0,1,3,0,0,0,671
rafael e. l. escalfoni,rafael e. l. escalfoni,UFRJ,37,0,0,0,0,1,3,0,0,0,672
rafael a. ribeiro,rafael a. ribeiro,UFPE,54,0,0,0,0,0.333333,1,0,0,0,673
tiago n. veloso,tiago n. veloso,UNIRIO,37,0,0,0,0,1,1,0,0,0,674
licia c. nascimento,licia c. nascimento,UNIRIO,37,0,0,0,0,1,1,0,0,0,675
andre f. e. ferreira,andre f. e. ferreira,UFRJ,77,0,0,0,0,1,6,0,0,0,676
marcio r. teixeira,marcio r. teixeira,UFRJ,77,0,0,0,0,1,6,0,0,0,677
carlos e. f. azevedo,carlos e. f. azevedo,UFRJ,77,0,0,0,0,1,6,0,0,0,678
angela m. n. mendonca,angela m. n. mendonca,UFRJ,77,0,0,0,0,1,6,0,0,0,679
george a. f. gomes,george a. f. gomes,UFRJ,77,0,0,0,0,1,6,0,0,0,680
alan k. o. moraes,alan k. o. moraes,UFPB,54,0,0,0,0,1,6,0,0,0,681
yuri a. m. barbosa,yuri a. m. barbosa,UFPE,54,0,0,0,0,1,6,0,0,0,682
cleyton c. trindade,cleyton c. trindade,UFPE,54,0,0,0,0,1,6,0,0,0,683
jones o. albuquerque,jones o. albuquerque,UFRPE,54,0,0,0,0,1,6,0,0,0,684
bruno n. machado,bruno n. machado,UFES,78,0,0,0,0,1,1,0,0,0,685
ricardo a. falbo,ricardo a. falbo,UFES,78,0,0,0,0,1,1,0,0,0,686
lucas a. s. merlo,lucas a. s. merlo,UFES,26,0,0,0,0,0,0,0,0,0,687
antonio a. f. loureiro,antonio a. f. loureiro,UEM,79,0,0,0,0,1,1,0,0,0,688
linnyer b. ruiz,linnyer b. ruiz,UFV,79,0,0,0,0,1,1,0,0,0,689
thais r. m. b. silva,thais r. m. b. silva,UFMG,79,0,0,0,0,1,1,0,0,0,690
willian c. donega,willian c. donega,UEM,62,0,0,0,0,0.666667,2,0,0,0,691
sergio c. c. s. pinto,sergio c. c. s. pinto,Unisinos,80,0,0,0,0,1,3,0,0,0,692
cassia nino,cassia nino,Unisinos,80,0,0,0,0,1,3,0,0,0,693
debora barbosa,debora barbosa,Centro Universitário La Salle,80,0,0,0,0,1,3,0,0,0,694
jorge barbosa,jorge barbosa,Unisinos,80,0,0,0,0,1,3,0,0,0,695
viviane david,viviane david,Groupware@LES,44,0,0,0,0,0.4,4,0,0,0,696
andreia pereira,andreia pereira,PUC-Rio,44,0,0,0,0,0.4,4,0,0,0,697
bernardo a. m. mattos,bernardo a. m. mattos,UFMG,40,0,0,0,0,1,1,0,0,0,698
raquel l. santos,raquel l. santos,UFMG,40,0,0,0,0,1,1,0,0,0,699
carina f. alves,carina f. alves,UFPE,81,0,0,0,0,1,1,0,0,0,700
geber l. ramalho,geber l. ramalho,UFPE,81,0,0,0,0,1,1,0,0,0,701
raphael l. b. barros,raphael l. b. barros,UFPE,81,0,0,0,0,1,1,0,0,0,702
pedro j. s. carneiro,pedro j. s. carneiro,UFPE,54,0,0,0,0,0,0,0,0,0,703
lucas r. b. schmitz,lucas r. b. schmitz,CESAR,54,0,0,0,0,0.666667,4,0,0,0,704
eduardo r. pinto,eduardo r. pinto,UFPE,54,0,0,0,0,0.666667,4,0,0,0,705
lucas a. s. ferreira,lucas a. s. ferreira,Faculdade Ruy Barbosa,13,0,0,0,0,0.833333,5,0,0,0,706
lucas m. s. jesus,lucas m. s. jesus,Faculdade Ruy Barbosa,13,0,0,0,0,0.833333,5,0,0,0,707
apoena j. n. avelar,apoena j. n. avelar,Faculdade Ruy Barbosa,13,0,0,0,0,0.833333,5,0,0,0,708
bruno campagnolo,bruno campagnolo,TECPAR,91,0,0,0,0,1,10,0,0,0,709
ademir r. freddo,ademir r. freddo,UTFPR,91,0,0,0,0,1,10,0,0,0,710
milton p. ramos,milton p. ramos,TECPAR,91,0,0,0,0,1,10,0,0,0,711
emerson c. paraiso,emerson c. paraiso,PUCPR,91,0,0,0,0,1,10,0,0,0,712
gilson y. sato,gilson y. sato,UTFPR,91,0,0,0,0,1,10,0,0,0,713
gustavo carvalho,gustavo carvalho,PUC-Rio,44,0,0,0,0,0,0,0,0,0,714
neno albernaz,neno albernaz,UFRJ,37,0,0,0,0,1,3,0,0,0,715
alessandro jatoba,alessandro jatoba,ENSP,37,0,0,0,0,1,3,0,0,0,716
marcelo g. malcher,marcelo g. malcher,PUC-Rio,64,0,0,0,0,0,0,0,0,0,717
ricardo costa,ricardo costa,UFPE,82,0,0,0,0,1,3,0,0,0,718
silvio meira,silvio meira,UFPE,82,0,0,0,0,1,3,0,0,0,719
robson oliveira,robson oliveira,UFPE,82,0,0,0,0,1,3,0,0,0,720
edeilson silva,edeilson silva,UFPE,82,0,0,0,0,1,3,0,0,0,721
eduardo r. monteiro,eduardo r. monteiro,UFES,26,0,0,0,0,1,1,0,0,0,722
marco a. balieiro,marco a. balieiro,UFPA,24,0,0,0,0,1,1,0,0,0,723
samuel f. s. junior,samuel f. s. junior,UFPA,24,0,0,0,0,1,1,0,0,0,724
diego l. bastos,diego l. bastos,Faculdade Ruy Barbosa,13,0,0,0,0,0.666667,2,0,0,0,725
guilherme d. g. toledo,guilherme d. g. toledo,Faculdade Ruy Barbosa,13,0,0,0,0,0.666667,2,0,0,0,726
carlos a. s. franco,carlos a. s. franco,UFRJ,37,0,0,0,0,0,0,0,0,0,727
marcio g. p. rosa,marcio g. p. rosa,Faculdade Ruy Barbosa,37,0,0,0,0,1,3,0,0,0,728
daniela godoy,daniela godoy,UNICEN,83,0,0,0,0,0,0,0,0,0,729
analia amandi,analia amandi,UNICEN,83,0,0,0,0,0,0,0,0,0,730
alline lemos,alline lemos,UFPA,24,0,0,0,0,0,0,0,0,0,731
sionise gomes,sionise gomes,UFAM,11,0,0,0,0,0.666667,2,0,0,0,732
alberto n. c. jr,alberto n. c. jr,UFAM,11,0,0,0,0,0.666667,2,0,0,0,733
alessandra ponte,alessandra ponte,UFRJ,37,0,0,0,0,1,1,0,0,0,734
claudia lage,claudia lage,UFRJ,37,0,0,0,0,1,1,0,0,0,735
fabio fabris,fabio fabris,UFES,84,0,0,0,0,1,3,0,0,0,736
raphael o. santos,raphael o. santos,UFES,84,0,0,0,0,1,3,0,0,0,737
cesar marcondes,cesar marcondes,UFSCAR,84,0,0,0,0,1,3,0,0,0,738
magnos martinello,magnos martinello,UFES,84,0,0,0,0,1,3,0,0,0,739
joao c. goncalves,joao c. goncalves,UNIRIO,44,0,0,0,0,1,3,0,0,0,740
giovana b. r. linhares,giovana b. r. linhares,UFRJ,37,0,0,0,0,1,1,0,0,0,741
luis t. o. camargo,luis t. o. camargo,UNIFAL,23,0,0,0,0,1,1,0,0,0,742
danilo b. lima,danilo b. lima,UNIFAL,23,0,0,0,0,1,1,0,0,0,743
rafael m. feitosa,rafael m. feitosa,UFPA,24,0,0,0,0,0,0,0,0,0,744
jose v. s. filho,jose v. s. filho,UNIVASF,26,0,0,0,0,1,3,0,0,0,745
aloysio c. p. pedroza,aloysio c. p. pedroza,UFRJ,26,0,0,0,0,1,3,0,0,0,746
jean-pierre courtiat,jean-pierre courtiat,LAAS,26,0,0,0,0,1,3,0,0,0,747
diogo krejci,diogo krejci,UFRJ,10,0,0,0,0,0,0,0,0,0,748
lucas l. provensi,lucas l. provensi,UFG,85,0,0,0,0,1,1,0,0,0,749
vagner sacramento,vagner sacramento,UFG,85,0,0,0,0,1,1,0,0,0,750
fabio m. costa,fabio m. costa,UFG,85,0,0,0,0,1,1,0,0,0,751
ricardo l. menezes,ricardo l. menezes,Faculdade Ruy Barbosa,13,0,0,0,0,0.833333,5,0,0,0,752
ana p. a. santos,ana p. a. santos,Faculdade Ruy Barbosa,13,0,0,0,0,0.833333,5,0,0,0,753
gustavo m. neto,gustavo m. neto,Faculdade Ruy Barbosa,13,0,0,0,0,0.833333,5,0,0,0,754
victorio a. carvalho,victorio a. carvalho,UFES,78,0,0,0,0,0,0,0,0,0,755
carlos h. q. forster,carlos h. q. forster,ITA,21,0,0,0,0,0.666667,2,0,0,0,756
fabricio s. soares,fabricio s. soares,ITA,21,0,0,0,0,0.666667,2,0,0,0,757
jaime s. sichman,jaime s. sichman,USP,86,0,0,0,0,1,1,0,0,0,758
helder coelho,helder coelho,Universidade de Lisboa,86,0,0,0,0,1,1,0,0,0,758
diana f. adamatti,diana f. adamatti,USP,86,0,0,0,0,1,1,0,0,0,758
marta c. rosatelli,marta c. rosatelli,Unisantos,95,0,0,0,0,1,1,0,0,0,759
clever r. g. farias,clever r. g. farias,USP,95,0,0,0,0,1,1,0,0,0,759
carlos e. goncalves,carlos e. goncalves,Unisantos,95,0,0,0,0,1,1,0,0,0,759
vanessa t. nunes,vanessa t. nunes,UFRJ,37,0,0,0,0,0,0,0,0,0,312
roberta lima-gomes,roberta lima-gomes,UFES,87,0,0,0,0,1,3,0,0,0,760
roberto willrich,roberto willrich,UFSC,87,0,0,0,0,1,3,0,0,0,760
guillermo j. hoyos-rivera,guillermo j. hoyos-rivera,Universidad Veracruzana,87,0,0,0,0,1,3,0,0,0,760
christopher v. lima,christopher v. lima,UFSC,87,0,0,0,0,1,3,0,0,0,760
claudia barsottini,claudia barsottini,Unifesp,92,0,0,0,0,1,1,0,0,0,587
cleo billa,cleo billa,Unicamp,92,0,0,0,0,1,1,0,0,0,587
marco a. v. m. vasconcelos,marco a. v. m. vasconcelos,UFPB,88,0,0,0,0,1,21,0,0,0,761
fernando l. almeida,fernando l. almeida,EPUSP,88,0,0,0,0,1,21,0,0,0,761
marcos f. jardini,marcos f. jardini,EPUSP,88,0,0,0,0,1,21,0,0,0,761
graca bressan,graca bressan,EPUSP,88,0,0,0,0,1,21,0,0,0,761
guido l. s. filho,guido l. s. filho,UFPB,88,0,0,0,0,1,21,0,0,0,761
luiz g. p. alves,luiz g. p. alves,EPUSP,88,0,0,0,0,1,21,0,0,0,761
regina m. silveira,regina m. silveira,EPUSP,88,0,0,0,0,1,21,0,0,0,761
raoni kulesza,raoni kulesza,EPUSP,88,0,0,0,0,1,21,0,0,0,761
yuri morais,yuri morais,UFPB,89,0,0,0,0,1,15,0,0,0,762
sebastiao r. jr,sebastiao r. jr,UFPB,89,0,0,0,0,1,15,0,0,0,762
joao p. f. oliveira,joao p. f. oliveira,UFPB,89,0,0,0,0,1,15,0,0,0,762
adriana e. oliveira,adriana e. oliveira,UFPB,89,0,0,0,0,1,15,0,0,0,762
gledson elias,gledson elias,UFPB,89,0,0,0,0,1,15,0,0,0,762
amilcar soares,amilcar soares,UFPB,89,0,0,0,0,1,15,0,0,0,762
talles brito,talles brito,UFPB,89,0,0,0,0,1,15,0,0,0,762
f. s. costa,f. s. costa,INPA,90,0,0,0,0,1,3,0,0,0,763
j. l. c. santos,j. l. c. santos,INPA,90,0,0,0,0,1,3,0,0,0,763
j. m. f. maia,j. m. f. maia,INPA,90,0,0,0,0,1,3,0,0,0,763
k. j. a. serique,k. j. a. serique,INPA,90,0,0,0,0,1,3,0,0,0,763
weverton cordeiro,weverton cordeiro,UFPA,24,0,0,0,0,1,3,0,0,0,764
rafael esteves,rafael esteves,UFPA,24,0,0,0,0,1,3,0,0,0,765
breno franca,breno franca,UFPA,24,0,0,0,0,1,3,0,0,0,766
renata g. machado,renata g. machado,UFRJ,37,0,0,0,0,1,1,0,0,0,767
jose o. gomes,jose o. gomes,UFRJ,37,0,0,0,0,1,1,0,0,0,768
patricia a. tedesco,patricia a. tedesco,UFPE,54,0,0,0,0,1,1,0,0,0,769
sandra a. siebra,sandra a. siebra,UFPE,54,0,0,0,0,1,1,0,0,0,770
helo petry,helo petry,UFPE,54,0,0,0,0,1,3,0,0,0,771
patricia tedesco,patricia tedesco,UFPE,54,0,0,0,0,1,3,0,0,0,772
fabricio enembreck,fabricio enembreck,PUC-PR,91,0,0,0,0,1,1,0,0,0,773
eliane m. bortoli,eliane m. bortoli,UTFPR,91,0,0,0,0,1,1,0,0,0,774
guillermo j. h. rivera,guillermo j. h. rivera,Universidade Veracruzana,26,0,0,0,0,1,1,0,0,0,775
jean p. courtiat,jean p. courtiat,LAAS,26,0,0,0,0,1,1,0,0,0,776
fernando prata,fernando prata,UFRJ,44,0,0,0,0,0.666667,2,0,0,0,777
thalita moraes,thalita moraes,UFRJ,44,0,0,0,0,0.666667,2,0,0,0,778
guilherme h. travassos,guilherme h. travassos,UFRJ,37,0,0,0,0,1,1,0,0,0,779
marcos kalinowski,marcos kalinowski,UFRJ,37,0,0,0,0,1,1,0,0,0,780
fabio bezerra,fabio bezerra,UNICAMP,92,0,0,0,0,0,0,0,0,0,781
autran macedo,autran macedo,UFU,93,0,0,0,0,1,3,0,0,0,782
rogerio s. silva,rogerio s. silva,UFU,93,0,0,0,0,1,3,0,0,0,783
joao n. souza,joao n. souza,UFU,93,0,0,0,0,1,3,0,0,0,784
ilmerio r. silva,ilmerio r. silva,UFU,93,0,0,0,0,1,3,0,0,0,785
manoel g. m. neto,manoel g. m. neto,UNIFACS,94,0,0,0,0,0,0,0,0,0,786
helio o. q. junior,helio o. q. junior,SEFAZ,94,0,0,0,0,0,0,0,0,0,787
eduardo t. carlos,eduardo t. carlos,PUC-Rio,44,0,0,0,0,0,0,0,0,0,788
hermes senger,hermes senger,UNISANTOS,95,0,0,0,0,1,1,0,0,0,789
rogerio a. rondini,rogerio a. rondini,UNISANTOS,95,0,0,0,0,1,1,0,0,0,790
glauco todesco,glauco todesco,UNISO,96,0,0,0,0,0,0,0,0,0,791
marcelo k. zuffo,marcelo k. zuffo,USP,96,0,0,0,0,0,0,0,0,0,792
